{
  "iSAID": {
    "rgb_mean": [
      89.53114318847656,
      94.18644714355469,
      93.4081039428711
    ],
    "rgb_std": [
      33.88981628417969,
      34.731746673583984,
      35.93974685668945
    ],
    "lab_mean": [
      99.88225555419922,
      126.97985076904297,
      130.5862274169922
    ],
    "lab_std": [
      36.07347869873047,
      3.2898502349853516,
      4.351730823516846
    ],
    "num_images": 100
  },
  "DeepGlobe": {
    "rgb_mean": [
      74.52020263671875,
      97.20248413085938,
      102.76356506347656
    ],
    "rgb_std": [
      25.383119583129883,
      27.263025283813477,
      32.984031677246094
    ],
    "lab_mean": [
      104.29481506347656,
      126.32554626464844,
      141.87278747558594
    ],
    "lab_std": [
      29.0760498046875,
      4.879230499267578,
      4.428532123565674
    ],
    "num_images": 100
  },
  "LoveDA": {
    "rgb_mean": [
      76.94236755371094,
      80.82176208496094,
      76.27548217773438
    ],
    "rgb_std": [
      31.69335174560547,
      33.69813537597656,
      37.338077545166016
    ],
    "lab_mean": [
      85.51480102539062,
      125.5335464477539,
      129.63385009765625
    ],
    "lab_std": [
      35.69184112548828,
      4.974835395812988,
      5.439087390899658
    ],
    "num_images": 100
  }
}